{"N": 0.09636333302406673, "P": 0.1508498667073542, "K": 0.17539256542455192, "temperature": 0.07237530192534172, "humidity": 0.22422658789267352, "ph": 0.050608119279420875, "rainfall": 0.2301842257465911}